age,year_month,essential_share,optional_share,luxury_share,high-risk_share,other_share,night_ratio,weekend_ratio,buz_hhi,buz_entropy,daily_cv,total_amt
1,2025-01-01,0.5,0.5,0.0,0.0,0.0,0.0,0.0,1.0,0.0,0.1655221018340214,8557.0
1,2025-02-01,0.9207131668663043,0.07928683313369574,0.0,0.0,0.0,0.3333333333333333,0.0,0.8791447451828316,0.18286706535762584,0.4741352041651223,33869.0
1,2025-03-01,1.0,0.0,0.0,0.0,0.0,0.0,0.0,0.9650387989895597,0.0714906749428771,0.46471802766498405,21478.666666666668
2,2022-01-01,0.47607540511613994,0.40365120381384895,0.0212642527857939,0.02886885808137035,0.07014028020284682,0.29996173514607477,0.31086265969702825,0.13919165154624372,2.6229468472997026,0.4140057523299323,61814545.79545455
2,2022-02-01,0.4857801269846757,0.40665290485024314,0.017305860748289416,0.021256549897271142,0.06900455751952048,0.2729681870967726,0.27325017828657716,0.1465945184068593,2.5838278875790817,0.45898862678453073,56689282.02272727
2,2022-03-01,0.511639025710148,0.3914281173398924,0.014673510893707102,0.019404531942771145,0.06285481411348143,0.2921939088294066,0.26428688323281413,0.15180406384465764,2.554733698971452,0.3974923023808774,62649257.20454545
2,2022-04-01,0.5054410345158036,0.4005457671722787,0.01478556055405669,0.02090772801973759,0.05831990973812347,0.3014060234984784,0.30712682937034225,0.1483325770798758,2.5542396126497446,0.4110200246144791,64531789.90909091
2,2022-05-01,0.49807871942918686,0.3953244368975762,0.019326179072739733,0.02114558122150437,0.06612508337899291,0.2971216241226374,0.3061545158176451,0.14293554158260097,2.6068244759603867,0.41503422154949887,75896995.25
2,2022-06-01,0.49161377270083123,0.40813116348822864,0.020925416572712453,0.020364761116167314,0.05896488612206033,0.30950706525233823,0.27745443672908715,0.14223300231615466,2.5905635761017503,0.41692842106698474,61855185.97727273
2,2022-07-01,0.47270138029642084,0.4058093196456842,0.022762266160617353,0.0192114715113845,0.0795155623858931,0.2859282684330143,0.2850807104684732,0.13885476416283565,2.6026484940946375,0.48923712301293637,64375452.06818182
2,2022-08-01,0.48224193816675937,0.402432749444576,0.019477279255876254,0.020390288865151193,0.07545774426763711,0.29118670850005113,0.2607061978858052,0.1364176080932755,2.6206852620579135,0.39481568663201627,60885037.15909091
2,2022-09-01,0.49797780956728926,0.40612913867642675,0.015136697583885785,0.017242153768477066,0.06351420040392118,0.29680141616944444,0.25456473016063175,0.15185800421210652,2.551332952055777,0.4091565062251057,63401559.27272727
2,2022-10-01,0.4959916480359791,0.41551941906858575,0.01961837303045,0.01646699657337522,0.05240356329160986,0.2773460750873434,0.318658480646848,0.14233636814759312,2.591143747229252,0.4155131191735711,63369907.47727273
2,2022-11-01,0.505259415554218,0.41483868958558046,0.014461341318927878,0.017327887636455472,0.04811266590481811,0.2940918945753403,0.26153219842380915,0.14388799392849497,2.587807531583191,0.3988819083026357,61210648.79545455
2,2022-12-01,0.469484682361402,0.4329055777954407,0.01605838927931513,0.016418051240838654,0.06513329932300338,0.28279649062280376,0.2908184180228579,0.12824808965721063,2.664873932173963,0.4258363899576866,70646512.72727273
2,2023-01-01,0.454631083155347,0.4363331427742876,0.015479201517869192,0.03813692315638126,0.05541964939611497,0.30330628131552406,0.258169402788999,0.12037553486491871,2.6853408543465282,0.4295655706841288,61496739.63636363
2,2023-02-01,0.4704671928817131,0.4275049584837266,0.014480211670398641,0.02995511126039356,0.05759252570376799,0.2976853260090486,0.28032968095520294,0.12096100424774163,2.6839654430442845,0.3992191131545024,61092814.45454545
2,2023-03-01,0.4801732527127824,0.41244919857163664,0.01425329970152542,0.023322975662198053,0.06980127335185743,0.29387800231455247,0.2675164219741517,0.1349896782837642,2.6269370388252855,0.4124102288178293,64531154.63636363
2,2023-04-01,0.4931602277357504,0.408239379178557,0.015813903810007916,0.024439816950720453,0.05834667232496407,0.2937491516299617,0.32878789992863283,0.1368005451270425,2.6097028025276803,0.4325152331511573,60330968.04545455
2,2023-05-01,0.49225509378693316,0.4070388782225058,0.01623214448689291,0.022965327885763578,0.06150855561790447,0.29747525438512007,0.25492999884131323,0.13263787737554278,2.6395808459082244,0.4434158410035073,66741306.29545455
2,2023-06-01,0.4886702136834602,0.41376257432956454,0.015105640778960304,0.01974310310871559,0.06271846809929928,0.30482931409020925,0.2728993692404061,0.13739835323445396,2.6088003184033655,0.39536724572347004,59158806.25
2,2023-07-01,0.4628141630182048,0.43195030275351504,0.016065965894564965,0.018553578535848506,0.07061598979786664,0.278532279650942,0.2978287840232704,0.12864747229538206,2.644217035209362,0.4087875141155381,52563192.79545455
2,2023-08-01,0.47030887896375967,0.4309623706998775,0.014951840239950338,0.01850311051339844,0.06527379958301399,0.28256929341331155,0.2535172506377455,0.12932880933977026,2.645399403687109,0.4136540755242233,50734717.04545455
2,2023-09-01,0.495524838556004,0.41455460085333234,0.016592958800237062,0.019903481231683024,0.05342412055874351,0.28987136259737,0.2803227201389163,0.13429389170767464,2.624564017049473,0.44197750188234103,52897030.34090909
2,2023-10-01,0.49162942186819464,0.41737373025461494,0.016768585456709787,0.01403033347321851,0.06019792894726204,0.28601129525531555,0.28265079670510285,0.12632759063863527,2.6658954974772304,0.39691253341976473,57902854.97727273
2,2023-11-01,0.49803698542570146,0.4074938984318473,0.015268378350705193,0.015986015550223914,0.06321472224152208,0.2724561631755495,0.25976366636278053,0.13016001583572764,2.630866935353577,0.4161226601801658,55205459.59090909
2,2023-12-01,0.4798358439710567,0.42330580144056446,0.014574625374259565,0.015007966136215927,0.06727576307790334,0.275663163191711,0.2900230708836804,0.1314360950368324,2.6523443722189803,0.46149061131925256,61669737.75
2,2024-01-01,0.4647640492103864,0.4245277227389526,0.015101587769839624,0.03476445781308027,0.06084218246774103,0.29925091931718995,0.24762605323355322,0.12318152363162499,2.6712455589811155,0.4321188280824936,48611993.29545455
2,2024-02-01,0.4570029060540488,0.45086063915076635,0.013369845358939508,0.023677401448029985,0.055089207988215365,0.29454321118497523,0.2395640441572051,0.13187402013283345,2.6273641395798695,0.4621040077381196,47736601.18181818
2,2024-03-01,0.4980922554697674,0.4017860453084782,0.012388169190929742,0.022600215739556315,0.06513331429126831,0.28252413522791264,0.32496383532781503,0.13365184148101614,2.6072494887061683,0.4980658999937486,56078071.29545455
2,2024-04-01,0.509648731465988,0.39532704636483623,0.012295067992010128,0.01790370386758611,0.06482545030957947,0.2837761173362806,0.2728457684470999,0.13940282857165773,2.586988410385568,0.442315196079702,52434185.52272727
2,2024-05-01,0.5077147136717639,0.39666196560793865,0.010860432337899345,0.020002464050109796,0.06476042433228833,0.29035343066517927,0.24427672724136001,0.13689533577899982,2.5976611692555305,0.5195013663034919,59510550.56818182
2,2024-06-01,0.4992587397944558,0.4091609658210836,0.012968897172676908,0.018610512178333947,0.06000088503344971,0.2991746637972045,0.31930750074237585,0.13933852164688862,2.590725712516267,0.4097511030116418,50875457.79545455
2,2024-07-01,0.48334110942880665,0.4162549371385205,0.013659849534828518,0.017875494200124388,0.06886860969771987,0.2833612434271617,0.2385895474049008,0.13746972915687009,2.6033462263339238,0.469651676611476,51321141.25
2,2024-08-01,0.49399797195553463,0.412654851112514,0.015624201189469174,0.015598855007745594,0.06212412073473656,0.27492898426841017,0.2799854957932568,0.13491515736627802,2.6043797873332024,0.45021210057542355,49854088.29545455
2,2024-09-01,0.5074518722061122,0.4120839348017752,0.011730443315032429,0.014716544945543485,0.05401720473153655,0.2872695967558969,0.288929497962224,0.13415526423923516,2.608798214556187,0.4588749921221137,51272953.52272727
2,2024-10-01,0.5168008091234546,0.4020571465862259,0.012644479869529405,0.014031202156949828,0.05446636226384028,0.2782189135239894,0.24403339261352686,0.13972653137358887,2.596819673963791,0.4466026196042204,50344881.34090909
2,2024-11-01,0.5114741189285932,0.40479829831724756,0.010190385660026079,0.011710558438987755,0.06182663865514535,0.2749803161513664,0.2790196207800328,0.14564248279365366,2.569400924129667,0.48543685918065266,40559088.38636363
2,2024-12-01,0.5019720983947574,0.398930791552471,0.017946237684304797,0.013837339617337628,0.06731353275112907,0.27187335949744684,0.2551770623176926,0.14032830926452933,2.591785131583967,0.4705783222453561,47756437.31818182
2,2025-01-01,0.48811981890111245,0.4212083243934662,0.011564572443303545,0.03025661020557724,0.048850674056540554,0.29017735927863686,0.25703755644502,0.13193574638555963,2.608504476994751,0.5516634611925144,33956747.40909091
2,2025-02-01,0.47503587932774916,0.4391484581875515,0.012300192778848806,0.018783669131352255,0.054731800574498286,0.26671068951578925,0.2684805368183564,0.147465410767203,2.562118929427025,0.6292554160918629,35258934.52272727
2,2025-03-01,0.5114819166080355,0.399246747507615,0.01319733561055214,0.02046518710964559,0.0556088131641517,0.2686015573806101,0.3197430975760173,0.14711800333614936,2.54689561401462,0.5202689597091704,44392741.02272727
3,2022-01-01,0.5576905391774397,0.31168596762882755,0.017771525200616114,0.014196151643764787,0.09865581634935175,0.2853994339511774,0.3451436544787159,0.13562580627571943,2.7563033851034144,0.25191604588322963,1994906898.5454545
3,2022-02-01,0.5518030071470907,0.31716157687313157,0.01879989859446261,0.014342838845444844,0.09789267853987017,0.2833791564615566,0.31747106676232617,0.13702258645338433,2.7522695473084378,0.2635620453173262,1816602638.8181818
3,2022-03-01,0.5388954509790658,0.3242405043642531,0.017728444556407295,0.018408654218297953,0.10072694588197582,0.3013837397909576,0.28440555054165684,0.13000157054878714,2.7853889904269944,0.26318365086320067,2159522242.659091
3,2022-04-01,0.5327815726935631,0.3309181036781448,0.018736285021121693,0.024662485559325934,0.09290155304784452,0.3147882743979769,0.33512099449997507,0.12296441373616904,2.814532541274134,0.271789215776834,2233073618.4545455
3,2022-05-01,0.5218288870989388,0.3390466981630216,0.01990869368344478,0.027507163936835347,0.09170855711775946,0.3150186892852724,0.3220399367232371,0.1195097390680346,2.841910543076224,0.2423155268006427,2418085205.8636365
3,2022-06-01,0.5260191770377144,0.33756300795846683,0.01938081186016535,0.028018504196533026,0.08901849894712043,0.31688354002481167,0.29958503800961106,0.12058350435944985,2.822440826208323,0.24402030085630047,2293323084.909091
3,2022-07-01,0.5307105314964662,0.3287563222489523,0.018484473961362186,0.02668659039723412,0.09536208189598515,0.31216935469063994,0.3378885294000255,0.11910106740278098,2.8348102808175084,0.28322942965880943,2243762796.5454545
3,2022-08-01,0.5330151605816562,0.32679937667844716,0.019462606536285666,0.02569798304287915,0.09502487316073177,0.30514456853148486,0.2857597536780857,0.12367133143530475,2.824389788224701,0.2370852952183923,2264006208.7272725
3,2022-09-01,0.5206881468124936,0.33557414476295666,0.01858572966890266,0.026711097644013828,0.0984408811116332,0.3105219041692282,0.26927998694995464,0.11986787280115009,2.8313708740401498,0.29712553488428284,2309774669.318182
3,2022-10-01,0.5167651099557973,0.347446490067681,0.018624488962667017,0.02679605218619855,0.0903678588276561,0.30986019421754374,0.3551771174642444,0.11650485073189384,2.849539081415502,0.258277814130314,2444147959.318182
3,2022-11-01,0.5363442977432018,0.33253670308303623,0.015009636420812588,0.0275966827427261,0.0885126800102232,0.31004268915512256,0.29954010967130856,0.11216999453923805,2.8714001664525353,0.2502350695989797,2232295251.8636365
3,2022-12-01,0.5327493558144245,0.33422482577043655,0.01635868281666839,0.027734885770299436,0.08893224982817113,0.3099474868546746,0.32097175345743734,0.11187731642746825,2.871774431587235,0.24844230852463836,2344601037.181818
3,2023-01-01,0.5232865608461605,0.3450261553348955,0.01684799868186183,0.028554568620945228,0.08628471651613684,0.3090597405704689,0.2966583929233427,0.11048207219265067,2.88015042482663,0.2775844123803892,2103841713.3636363
3,2023-02-01,0.5229900610587853,0.3449539611056225,0.01440921002530736,0.028043363000133017,0.08960340481015175,0.31337064216193183,0.3132485692315317,0.10887912845791368,2.8861472994057293,0.2574690084363222,2044281724.7727273
3,2023-03-01,0.5082103060110937,0.3462477657837851,0.0177962605277371,0.027273677506048092,0.10047199017133596,0.31302014875404666,0.2901543590698393,0.10965547928065007,2.899977860787591,0.25913944827769686,2367901790.590909
3,2023-04-01,0.5119307386322517,0.3449778698195627,0.017377560811005003,0.02857478809224656,0.09713904264493399,0.30619203635343545,0.37253879827073444,0.11131094480837236,2.885048941827834,0.265519262988346,2255381754.1136365
3,2023-05-01,0.5023297316998486,0.3441898695923191,0.01870228282064965,0.028721046582473486,0.10605706930470914,0.31078123436733057,0.27462157319275365,0.1166745692041782,2.883584892287952,0.2968243163496289,2584217762.9772725
3,2023-06-01,0.5019036569628701,0.352945663448851,0.018718311286603496,0.02779311041500981,0.09863925788666564,0.3142682017595464,0.3007129632545513,0.10970171484879554,2.9063488284199694,0.2522594134419881,2260678347.2727275
3,2023-07-01,0.5032264755710892,0.3482992833013945,0.0187958831579137,0.02851188438515966,0.10116647358444288,0.31482709948805443,0.35076856682841,0.11696588650510843,2.874335907413,0.27674005422606407,2301924121.25
3,2023-08-01,0.5012845082474456,0.3531963316228073,0.017891367671753963,0.02708434158073917,0.10054345087725394,0.3128729524265461,0.286946343157924,0.12206683895376634,2.8517029712178306,0.27694459185946,2266158688.9772725
3,2023-09-01,0.5205597852794137,0.33840201631391753,0.02105408335260769,0.028670530136111497,0.09131358491794953,0.30994591488054096,0.32780547902071205,0.11480732313928693,2.8698351371227933,0.27321203117278214,2233490184.340909
3,2023-10-01,0.5162563648006301,0.34146645267898496,0.018472323969024037,0.027342332252212675,0.09646252629914817,0.30490949234917547,0.31503259058665806,0.11392517430143423,2.8815248594427403,0.27687561781100567,2326233497.75
3,2023-11-01,0.5245561982904259,0.33009510085115595,0.01579095826120497,0.02651211239330639,0.1030456302039068,0.3088432958361393,0.308196644358391,0.11535997869976694,2.8764320087758546,0.28756167290573065,2166882368.7954545
3,2023-12-01,0.5287154078866787,0.3298954273060392,0.018438633103074392,0.026576168544990276,0.09637436315921737,0.30617514749726527,0.3498259559071205,0.11587819092194084,2.8710082584217522,0.26345617740096894,2290140920.6136365
3,2024-01-01,0.5181710475430436,0.3348334983672374,0.014353599717659739,0.027203019551628214,0.10543883482043102,0.30334474988335286,0.2913495627859832,0.12095663555680444,2.847191363281529,0.30332744981437015,1995854406.1818182
3,2024-02-01,0.5279568983524773,0.3315740391956052,0.013612418054249025,0.027191876474655815,0.09966476792301261,0.306920902448488,0.27839936882032745,0.12264382925223956,2.8290501000896353,0.29680963345550554,2016464765.5454545
3,2024-03-01,0.5127343708458459,0.34011112763731394,0.01560982231355843,0.02782575477916779,0.10371892442411386,0.30520759748093274,0.3598965785346064,0.11130965051283499,2.8788268010357885,0.28765723124547943,2350586700.6363635
3,2024-04-01,0.5225849356898713,0.32995071780416974,0.016536449090021107,0.026946513446229448,0.1039813839697084,0.31010226372326527,0.2976090314454447,0.11053535098500801,2.879593978163653,0.26973560228301424,2141210286.5227273
3,2024-05-01,0.5198208553301084,0.33247761140202875,0.015599129704088267,0.02740129414470006,0.10470110941907458,0.310132863099621,0.2850488385691826,0.111745345114888,2.8768466231787935,0.27276215496851103,2290454705.6363635
3,2024-06-01,0.5197263100296454,0.34005686302919674,0.01713622477375329,0.026529131243085934,0.09655147092431857,0.3121162141911696,0.3571303583829762,0.1126132301986439,2.8630862650109634,0.26686235575413997,2121035781.3181818
3,2024-07-01,0.5174960548820737,0.3365883905928244,0.017140823833001088,0.025572561640986983,0.10320216905111373,0.31223283974424576,0.29292649208610416,0.11790876990948576,2.8433762335434927,0.27456328698237686,2065094588.8863637
3,2024-08-01,0.5250458702132305,0.3367915387101275,0.014141010450214824,0.02576562156703214,0.098255959059395,0.3064081960093214,0.32057418988502606,0.11844264731490452,2.829674845980693,0.27857584151691916,2164155179.681818
3,2024-09-01,0.5199906545756089,0.33508810899225083,0.016393826333367337,0.027043734518048056,0.10148367558072491,0.3061281743014587,0.33567650518467906,0.11844086370530271,2.832377047226167,0.3045785905019456,2120878797.4772727
3,2024-10-01,0.5282500187906758,0.3280738692613373,0.01752673490591175,0.025609904694994856,0.10053947234708022,0.30246689220852474,0.2826302746353489,0.11461907749244679,2.864042620107197,0.2660013860984731,2129634727.0454545
3,2024-11-01,0.5278104358209854,0.3250693950875819,0.013522227151994968,0.024585196383450105,0.10901274555598749,0.3038292172076307,0.34961279533525486,0.11227561012676984,2.8570318870278535,0.30725128370703714,2078494162.159091
3,2024-12-01,0.5325696910548757,0.3270360184796476,0.015441239019301712,0.023783921070619905,0.10116913037555503,0.30291117737096235,0.30346131417722316,0.11428958456629695,2.863775277657192,0.27387187423785675,2163144042.659091
3,2025-01-01,0.5289482787133193,0.3304628493725988,0.015059526065749783,0.02479907261687733,0.1007302732314548,0.3001826026419575,0.2936862305321696,0.11819555869028067,2.836241394328653,0.34251450141073525,1870966684.75
3,2025-02-01,0.5214513960917025,0.3386587349730521,0.015882626572304624,0.023534117631672454,0.10047312473126815,0.30357413165674874,0.3169669441924179,0.10955844394102922,2.879258241562625,0.26874079649866794,1755376774.0
3,2025-03-01,0.5177537681293237,0.3422986386150263,0.01879577134896819,0.024892232552009577,0.09625958935467209,0.30189624067774407,0.3629601527008381,0.11124778294201286,2.8678707831803325,0.3070506817880905,2057493446.9318182
4,2022-01-01,0.5823647211878966,0.2825074684091559,0.017285596273486283,0.007324870853473859,0.11051734327598725,0.2033566439712083,0.33105864735408186,0.13426665435705862,2.7582584137349357,0.3074923872214982,3887094485.6363635
4,2022-02-01,0.5713500243615819,0.28984272347587786,0.016628502013017746,0.007290015479589563,0.11488873466993287,0.19658047448077154,0.3013316782600939,0.1352049052899552,2.7486003971080497,0.3623512282034707,3518137692.7045455
4,2022-03-01,0.5686243023075023,0.288797174506683,0.016657396337082297,0.009853535622234712,0.11606759122649772,0.2134381484481759,0.2738828717678353,0.13161917154371333,2.779003778784184,0.30842810534140175,4086786828.8636365
4,2022-04-01,0.5598799928280491,0.2965941846799333,0.019035130321573075,0.013687884635309438,0.11080280753513505,0.2275964125420707,0.32379534929433446,0.12209699868677898,2.8420292914165066,0.2849600932023962,4175007058.8863635
4,2022-05-01,0.5515348815461137,0.3037217776625774,0.02048573544382196,0.016451334075992995,0.10780627127149386,0.23861951057811562,0.30726335637410673,0.1171808870091618,2.86865368349374,0.28388769673079184,4459766424.068182
4,2022-06-01,0.5519830508205755,0.3003748039051808,0.020638716264798004,0.0160065789173821,0.11099685009206355,0.23727597900951994,0.2819720774393398,0.11684109253226631,2.8672337932356027,0.29008947601071067,4262993340.4772725
4,2022-07-01,0.5635784975470113,0.29686288048497467,0.01892282816928235,0.016290038296014556,0.10434575550271706,0.2381819648369311,0.329513405838304,0.11811937941726082,2.8563655274153614,0.28817112325642413,4159333307.7272725
4,2022-08-01,0.5636098457297719,0.2905279620418367,0.018714621229486392,0.015222006546528877,0.11192556445237613,0.23162006883687114,0.2668588671959627,0.12394437632217849,2.8384403638813973,0.2857793883324965,4224349081.5454545
4,2022-09-01,0.5587100275104486,0.29724852547572717,0.01982615276124508,0.015648777557173192,0.1085665166954059,0.2322904134697594,0.25942211259047165,0.11946981736681037,2.857051490746975,0.3130111045554118,4199264443.568182
4,2022-10-01,0.5491513998104701,0.31325277958974695,0.017989152289713834,0.0157166625259005,0.1038900057841685,0.2303318813312682,0.3421493210129658,0.11265858434269073,2.8903745583707687,0.2837433074125355,4498881337.795455
4,2022-11-01,0.562958401437058,0.297199091656701,0.015851658927861747,0.015378363662696992,0.10861248431568214,0.22818602902743929,0.2871307157318786,0.11463727450477958,2.8785822893089508,0.27287559810211354,4234880361.5454545
4,2022-12-01,0.5634623511913295,0.29578275522723485,0.016141043395235134,0.016070178474606362,0.10854367171159418,0.22869350381172726,0.3040360979425769,0.11351362990804223,2.8793188422267417,0.2700564401197912,4432195042.931818
4,2023-01-01,0.559683627260556,0.30426585039364434,0.01486632219157516,0.017052974424808524,0.10413122572941601,0.23014097413660925,0.2907679741446105,0.11376339540352015,2.874222814812364,0.32343862970231996,4149118510.181818
4,2023-02-01,0.5440486685721345,0.31298284966279327,0.015654340742690422,0.016696152377460333,0.11061798864492146,0.23683138371021525,0.30541031705083765,0.11093950202623847,2.897680259005922,0.29731663530545605,4048723041.1363635
4,2023-03-01,0.5312218607641225,0.3145232838923581,0.017287282705235024,0.01672287782752764,0.12024469481075674,0.23584724577376573,0.2795664421902174,0.10986439528175783,2.9410073165416946,0.27389610784882373,4530706241.159091
4,2023-04-01,0.5335566715483565,0.30995122283041576,0.01848569106396193,0.01776392375541417,0.12024249080185151,0.2325302502079669,0.3563594398300743,0.11047190570658967,2.930030329916637,0.2933526274576339,4514625709.272727
4,2023-05-01,0.5297176815244609,0.31736130808346874,0.018034303132177933,0.016952740128069858,0.11793396713182253,0.237458183045676,0.268574688481244,0.11413592882035183,2.926730270299941,0.2713591364785055,5337569135.522727
4,2023-06-01,0.5342428715220672,0.31175833822805205,0.017656474692900905,0.017490180337675507,0.11885213521930436,0.24219119009644904,0.2826133782214445,0.11137326668602454,2.930083596744319,0.2720183983578626,4432619971.227273
4,2023-07-01,0.5345320075619813,0.31600377262873597,0.016815447903400924,0.01805739385467166,0.11459137805121009,0.2404592930087466,0.34239949051187313,0.11477542315517958,2.9154986925141086,0.2781491845297363,4575464216.181818
4,2023-08-01,0.5337546914696308,0.3187202815753276,0.016675329670777398,0.017008440010026406,0.11384125727423763,0.24237706711024654,0.2770246325323655,0.12333166927719928,2.869314196969523,0.26813432452527536,4566615195.613636
4,2023-09-01,0.5425719867695112,0.30899711865956836,0.018146389089911133,0.017609184397951175,0.112675321083058,0.2374001153283691,0.3132374120004589,0.11474473903164156,2.9012186454201054,0.2979133562079718,4470822783.295455
4,2023-10-01,0.535210977350439,0.31413552296940606,0.017043422592723293,0.017464221825595094,0.11614585526183653,0.23126846800447157,0.30379198171619415,0.11157069398067318,2.9157640995988245,0.2670898283325775,4582893754.886364
4,2023-11-01,0.5483675804539097,0.3034601533606404,0.017463763993099707,0.01631765011386588,0.11439085207848426,0.2307510548449125,0.2945065627575949,0.11619830189308988,2.890979611322754,0.2713464712972678,4410673396.022727
4,2023-12-01,0.5464810096167322,0.29961382485185434,0.016641267640554923,0.016787484431917545,0.12047641345894101,0.2288508186987466,0.3343261079448449,0.11328440615061722,2.9024681633728693,0.27591171616195775,4548119640.136364
4,2024-01-01,0.5404740346676148,0.30871961836952155,0.014064400904896586,0.017072413550794387,0.1196695325071726,0.23013735669879776,0.28914247127618614,0.1216189522163405,2.857251940784449,0.32901363853080706,4476167095.409091
4,2024-02-01,0.549661398191303,0.30626646171396804,0.01419424051732236,0.017232731751671008,0.11264516782573554,0.23588978914984982,0.2673857231801063,0.11699612832136017,2.87109641142054,0.2911401278859028,4178315660.3636365
4,2024-03-01,0.5356506853740691,0.30384668391801156,0.016294350566574533,0.017740943779771423,0.12646733636157328,0.23146696017595964,0.3464812074678132,0.11096372954503654,2.919695954043531,0.29325625876141964,4649659996.954545
4,2024-04-01,0.5438793892641542,0.30168353376602053,0.016709636997749442,0.017523569640546112,0.12020387033152963,0.23730395923290667,0.29087735959662936,0.10814880879551682,2.917531088255593,0.2604406790603481,4366172185.0
4,2024-05-01,0.5420944653507375,0.30438314786295506,0.01712078769922754,0.01757932669026305,0.11882227239681686,0.23808301605036505,0.27549248239703056,0.11077361191689389,2.911754672443364,0.26386930645553247,4646173262.5
4,2024-06-01,0.5419442954210323,0.30278272033175785,0.0166821737498595,0.017840378372790358,0.12075043212455999,0.23619643744847235,0.3447124528355409,0.11303951409736036,2.8953668595617867,0.2878532787737637,4328478406.659091
4,2024-07-01,0.5370455107216071,0.3129216366849718,0.016087432483433327,0.016719448283620295,0.11722597182636738,0.24128304996972447,0.28916328263282604,0.12414652483554932,2.8491924706860754,0.2979801472918989,4302434463.181818
4,2024-08-01,0.5450149380892985,0.299470311192229,0.015510848355250823,0.0169760751338137,0.12302782722940796,0.23079671371471208,0.3076544396988554,0.11760512900611052,2.8575207449682942,0.27795937242808333,4534861221.727273
4,2024-09-01,0.5436921884166562,0.3028799038279607,0.015328149409791375,0.017107471725770044,0.1209922866198216,0.23298773436574846,0.32771816930746445,0.1205833630158351,2.853280601409249,0.3375247968317958,4434159693.409091
4,2024-10-01,0.5432470155816651,0.30371317211719817,0.016405101305545993,0.01641375405572565,0.12022095693986506,0.2273316899871195,0.27403143421939297,0.11792084675952949,2.869040888748471,0.2805807413479032,4477275133.772727
4,2024-11-01,0.543754944552539,0.2966290214647603,0.015911845215475114,0.015203348588788933,0.12850084017843658,0.2308129497974404,0.3340250199500852,0.11931913393277095,2.8667084217006606,0.3311523541976784,4436440307.227273
4,2024-12-01,0.5442510875544981,0.29849197653369414,0.015617964759513082,0.015896611559876265,0.12574235959241833,0.22613945627554316,0.29398333888100897,0.11548189409340691,2.8733655421542674,0.28825812277875473,4630827233.909091
4,2025-01-01,0.5441813747945333,0.3025268490552444,0.014299673479802379,0.015539700608274799,0.12345240206214507,0.22043183981021183,0.29216218918423986,0.12346816508321039,2.8310188549665014,0.3829523397270055,4288988937.3863635
4,2025-02-01,0.52970039081931,0.31852412570144273,0.014044058072625891,0.014528617010209466,0.1232028083964119,0.22459869713612066,0.30464908477635116,0.11685319303191641,2.8612126965934555,0.3255248734126565,3907677896.340909
4,2025-03-01,0.5342975480332677,0.31470836304417155,0.018054590183040467,0.01601614482846951,0.11692335391105076,0.23027743430917216,0.3491000793587737,0.11391914821265715,2.9036036550596798,0.3080603490873651,4450497365.159091
5,2022-01-01,0.5728847003908162,0.283644765251873,0.01803410474789789,0.006105335826942514,0.11933109378247041,0.17375526964664748,0.312297592605373,0.12487559039324213,2.8276677116652165,0.28809315050507783,5342971441.704545
5,2022-02-01,0.5636873716723096,0.2890434470472724,0.01682763557619221,0.0060236801888468965,0.12441786551537878,0.17003806633713361,0.2836122879649437,0.1197297172585441,2.8483706504958732,0.298629246157702,4625669231.840909
5,2022-03-01,0.5635575775962831,0.28453102529111446,0.019663931957267542,0.007930812169735317,0.12431665298559956,0.18965899015099275,0.2607197589756043,0.11600985954252968,2.882835595628155,0.2630411817827496,5277797298.886364
5,2022-04-01,0.5629639153517378,0.293082285512002,0.021130060778626756,0.011241759241858938,0.1115819791157744,0.2057496007384966,0.3129336995405289,0.11317392604075574,2.9076767223433113,0.2327447616654946,5461909691.545455
5,2022-05-01,0.5550073622758654,0.29835604426584056,0.021422525741820905,0.012994515900045904,0.1122195518164272,0.21693665033464454,0.29295139975373147,0.1116477672307059,2.91727206104936,0.2344507452423854,5903952817.568182
5,2022-06-01,0.5584200939646392,0.29492997681176397,0.020371641441706608,0.013146190326410774,0.11313209745547934,0.21436791624284013,0.271726483503238,0.1100749263762418,2.9280375204720723,0.24106959078438325,5595660305.522727
5,2022-07-01,0.5591744654832106,0.29575428334702464,0.019888272098384875,0.013573661419382743,0.11160931765199708,0.21618509622029308,0.30946428232032885,0.11185535429666027,2.921484734949887,0.24906505620334787,5684372235.613636
5,2022-08-01,0.5593378221404516,0.2913301624658412,0.018943358521917034,0.012342384450795609,0.11804627242099452,0.20479009355892988,0.25183266326425213,0.11042947754991174,2.9273284847997414,0.2297828487692923,5695491865.613636
5,2022-09-01,0.5573337456068125,0.29335453696822184,0.02049495970025456,0.012824673584759793,0.1159920841399512,0.20858202983049143,0.24329409653376832,0.1077621247117179,2.94212273816052,0.2906485352065833,5531827286.886364
5,2022-10-01,0.5559241020117471,0.3057060729442933,0.018854460284605412,0.012850015654063861,0.1066653491052902,0.20510324917869507,0.3251359732327784,0.1054157386568495,2.957281866454683,0.23777437466649218,5831660911.204545
5,2022-11-01,0.5656217908733677,0.29622682879372253,0.016417664216807102,0.012430955301246193,0.1093027608148564,0.20359927765695202,0.2684422569747428,0.1064211872461931,2.9500228201705556,0.23047135747948194,5565411640.659091
5,2022-12-01,0.5635203323716522,0.29626822796772695,0.016221311577700195,0.012760719043513545,0.11122940903940708,0.20211353905433818,0.29282504534531245,0.10736566945718112,2.9434005726538217,0.25030962983564176,6040965878.022727
5,2023-01-01,0.5594441930659496,0.30322045569683254,0.01562049965642192,0.012903164911282712,0.1088116866695132,0.19452804551991887,0.26170693540909695,0.1101241410219843,2.9224046027069845,0.3098071181503499,5655492060.931818
5,2023-02-01,0.5379224967854264,0.3174964201634504,0.01645870975785058,0.013233532486100496,0.11488884080717209,0.2043387551650569,0.28006755720112486,0.10119432031154972,2.9751949352223104,0.24276855602335215,5428735580.295455
5,2023-03-01,0.5387968499258379,0.3034197871678016,0.01819604602409216,0.013512916649461753,0.12607440023280658,0.20692209434206232,0.2621094400017707,0.10138298948845517,2.998493362919112,0.2522228984842216,6067484323.727273
5,2023-04-01,0.5453988066610066,0.30556738630397834,0.019613537696858998,0.014516105567165268,0.1149041637709907,0.20965414536868457,0.3421260274613804,0.10405034829649913,2.9833887464023388,0.25078604477727506,5819530563.045455
5,2023-05-01,0.5354409855820306,0.3119836033833522,0.01884402611745726,0.013689101385865116,0.12004228353129483,0.213626636478363,0.24852197346954022,0.1062009479231517,2.980429831066151,0.24960320955110546,6253304507.977273
5,2023-06-01,0.5381611029520629,0.30800501603762986,0.020995947800091844,0.0143434756323909,0.11849445757782445,0.22016104246665885,0.2668419363456275,0.10241686148363134,2.9987196307786252,0.2526442905495561,5829975649.704545
5,2023-07-01,0.5331332599354092,0.31606915363092214,0.0180275682696998,0.015083892959227206,0.1176861252047416,0.21577581786131886,0.3175762325676773,0.1043414876165894,2.9844812160038057,0.24651094330701018,5871050887.113636
5,2023-08-01,0.539949079852801,0.30678581597518195,0.01754935183312695,0.014155262184740815,0.12156049015414912,0.21550119668538034,0.2546368756900504,0.10810205349791531,2.953389612368129,0.23793336038622773,6024666101.568182
5,2023-09-01,0.5533446067709398,0.29554730952339836,0.018628215195651335,0.014178657239214154,0.11830121127079639,0.20942564385056234,0.29368981426732604,0.10683659683295162,2.958977982444557,0.29838316787862723,5806649426.795455
5,2023-10-01,0.547979742934888,0.3043378423318996,0.020231287637169873,0.014394674476692211,0.11305645261935018,0.2012400588568567,0.2884283410958141,0.10439983749690446,2.9735810271723007,0.25594365273017056,5862274762.909091
5,2023-11-01,0.5589216690436092,0.29388625083884184,0.016618930266179728,0.012923094228005434,0.11765005562336381,0.19940893718866562,0.270946945018329,0.10989466983093296,2.939568176270069,0.24709937067239737,5748416951.227273
5,2023-12-01,0.5500240623188412,0.29787268000956596,0.017064891640411226,0.014283743301112343,0.12075462273006927,0.20098198193422354,0.3154943789570846,0.10731942174596715,2.960083314997419,0.24940174202996254,6120532658.840909
5,2024-01-01,0.5371762416728569,0.3082398027748395,0.014918456588439814,0.01318913475050647,0.12647636421335726,0.195383892591134,0.2570429227511406,0.10864230649106438,2.9460518178158064,0.2663832970480891,5901354748.363636
5,2024-02-01,0.5450126209253642,0.3047995515933206,0.016169481586820578,0.013394180603208444,0.12062416529128611,0.2013128248257984,0.24261367702294398,0.10691473105048996,2.9447486076240508,0.2938950649389308,5543809867.681818
5,2024-03-01,0.5320501259607497,0.303683617430386,0.016977266927405175,0.013857130783263866,0.1334318588981952,0.2054948247801561,0.32894311622493283,0.10097093942886724,2.995493504288667,0.270379766965647,6036974679.477273
5,2024-04-01,0.5457662293446339,0.2987509574138353,0.018138357648023903,0.014480880427903665,0.1228635751656031,0.20903192596180417,0.273346664684243,0.10037308939416523,2.98393863259265,0.2360530428738195,5693149971.386364
5,2024-05-01,0.5402220104800978,0.30395044106450714,0.01778870058305443,0.01399734797114968,0.12404149990119087,0.21010464487952268,0.25520718619134136,0.10162619151105465,2.9836635548186194,0.24892130464895085,5993151726.454545
5,2024-06-01,0.5397096053851527,0.30334068242208334,0.01813731433209546,0.014692004566419458,0.12412039329424905,0.2142949800090797,0.3233902109856048,0.10387609733701578,2.9700685791224117,0.2511729092841548,5527449695.113636
5,2024-07-01,0.5412731105011843,0.3035338479804191,0.017228842291525923,0.014032044800770076,0.12393215442610059,0.21341968454325508,0.2590249637221238,0.10816106009767322,2.943408833112069,0.24976719540109135,5681660390.477273
5,2024-08-01,0.5494245242125347,0.29382426811667856,0.01695342570690831,0.013609971786246988,0.1261878101776313,0.20929423119397086,0.28249216260800475,0.10858055197875767,2.933969046654879,0.24116995302243796,5951812704.840909
5,2024-09-01,0.5522126708434265,0.2931316278667432,0.017488304584024426,0.013613077438554002,0.12355431926725181,0.20457057226121061,0.30582628504054177,0.11214737208391737,2.9246010789069588,0.2977655440768144,5649600428.318182
5,2024-10-01,0.55164154268384,0.29856671587768263,0.017597846791444063,0.013174721115095876,0.11901917353193739,0.2016477138776101,0.2563911987976852,0.10877905098448871,2.9405761065049814,0.253997107460602,5768206192.545455
5,2024-11-01,0.5529283190117474,0.2931633287774537,0.01581665468810258,0.013152259241191112,0.12493943828150514,0.20058947798295826,0.3124661694378786,0.11241906761723847,2.9260774053073817,0.26902855893664934,5696355805.727273
5,2024-12-01,0.5537451196770083,0.29555223683544846,0.016792052782612414,0.013094421966704666,0.12081616873822613,0.19552052614107798,0.27455774465796445,0.11001710240932541,2.9327104375480872,0.26624883272515704,6196291975.295455
5,2025-01-01,0.5574154709271893,0.30185046194199977,0.01568340198580337,0.011929444494468151,0.11312122065053938,0.18898323439436185,0.2663139349503443,0.11393913090551666,2.9060621218184743,0.32204816734929365,5645353906.431818
5,2025-02-01,0.5398250988882749,0.30721290999828993,0.01643817462866913,0.011913856470642864,0.12460996001412315,0.19618762579726023,0.2784208171458718,0.10699733399218342,2.9406003824508926,0.25983217015568755,5177898360.113636
5,2025-03-01,0.5345925599261391,0.306842066987369,0.018240236510273965,0.013426582676182817,0.12689855390003518,0.2008870973833652,0.32950087332687344,0.10610838492953373,2.9664800695434748,0.2860926524032529,5813732583.454545
6,2022-01-01,0.6146686823619599,0.23177799497697443,0.017716741618581555,0.0057278871611606,0.1301086938813234,0.15043314273730968,0.32037593609779713,0.1361194140605494,2.72606098093993,0.27301161117927,4773797140.181818
6,2022-02-01,0.6017689582799227,0.2336881250931536,0.017222426448725205,0.00567312910621757,0.14164736107198084,0.15163451725393623,0.2892479665342003,0.12814777235262148,2.7687044399206915,0.29557413318195197,3982931999.0
6,2022-03-01,0.5970602920654804,0.24029915128150003,0.01881633075243392,0.007445099148225157,0.13637912675236047,0.16877597057202112,0.26445720928312516,0.12591795981408097,2.790617091759527,0.24239038808885993,4682114202.772727
6,2022-04-01,0.5963343940971377,0.24836047667622563,0.019802975545354037,0.01009069399081835,0.12541145969046422,0.18626764075759716,0.30780585700127094,0.12273616359005074,2.812205600994671,0.23085992092650479,4877521918.659091
6,2022-05-01,0.5897536525253267,0.2536716315021179,0.020683651448934803,0.01132105623421985,0.12457000828940067,0.19530175835967717,0.29436440299241656,0.12179324772904568,2.825424969548622,0.23239435022436083,5162968293.181818
6,2022-06-01,0.591068372672447,0.24998012377979617,0.02081396000411683,0.011759339996711594,0.12637820354692833,0.19682638958682624,0.27041298391417085,0.12230930577966631,2.823850907629997,0.23249061778999539,4946931958.340909
6,2022-07-01,0.5979162795264465,0.24996680955262623,0.018909372972442273,0.011836045096378594,0.12137149285210636,0.19849391095688695,0.31195984061335236,0.12308501421364172,2.8099756336641963,0.2442587326095495,5000710142.136364
6,2022-08-01,0.6031061989688402,0.2417077541906506,0.018130418431285277,0.011318055316536502,0.1257375730926874,0.18687730534514554,0.25424728230022464,0.12508516783003795,2.8095703589931507,0.21076434568786553,5048441917.136364
6,2022-09-01,0.601663017442141,0.24495864536013887,0.02009688637816547,0.011253285366294668,0.12202816545325991,0.18939557133486626,0.2412663452910266,0.12221966635650788,2.821770360021556,0.291936188880831,4918539956.431818
6,2022-10-01,0.5899002685763578,0.2590879742088499,0.019528825192514785,0.011170354296668388,0.12031257772560909,0.17997818129846652,0.3244495059224566,0.11513435548260956,2.8593287091021926,0.23605494023782062,5149925571.0
6,2022-11-01,0.6005661046331076,0.2481545260469825,0.017216599714824223,0.010302977113046764,0.12375979249203889,0.1789166973354426,0.2694548548794597,0.11735226128284336,2.841765397868839,0.23791110650636915,4952683033.931818
6,2022-12-01,0.5988286058247954,0.24789001780091732,0.018747203326576842,0.010984247268167482,0.12354992577954295,0.17802478858027232,0.29288910224708153,0.11704615198361114,2.847399241340973,0.23726455384685172,5305810727.636364
6,2023-01-01,0.6038549450306351,0.24297942351532295,0.016194139961951747,0.010882285033782387,0.1260892064583078,0.16978224823573737,0.2661770225104463,0.12324258237451464,2.811741375259391,0.33706712636205943,5047246090.0
6,2023-02-01,0.5861461848810023,0.2576874079863774,0.015662251245325897,0.011834963576156217,0.12866919231113808,0.18319645678820284,0.2849047382601611,0.1145228812403925,2.869491003033054,0.23626392528801657,4763043169.954545
6,2023-03-01,0.5829079973750925,0.2546155617678533,0.019232011460914647,0.011560971580786072,0.13168345781535348,0.18693932776559724,0.26568112750223816,0.11579313972920348,2.881856160298925,0.244400253290359,5302820605.113636
6,2023-04-01,0.5877144518441009,0.253584034475098,0.018718334585745046,0.012436504633825812,0.12754667446123022,0.19300604726590215,0.3383931838296596,0.11540546956505002,2.8781499039684912,0.23758758131865332,5150364743.318182
6,2023-05-01,0.5832624645516543,0.25922289679691723,0.0176512075457784,0.011559980998349002,0.12830345010730113,0.19510301541505565,0.2501143811628413,0.11737588248333251,2.8742839469983257,0.24019757642532505,5477297977.590909
6,2023-06-01,0.5812948517468479,0.2572278965173612,0.01963209832694027,0.012306493937406881,0.12953865947144366,0.20246537703994075,0.26434825446740795,0.11492828723860207,2.884912719716313,0.23345712566425983,5341167918.727273
6,2023-07-01,0.5776506630308132,0.2639922330222231,0.01774034207187356,0.012899109403428742,0.1277176524716613,0.20071293919531497,0.31489803850608084,0.11459838323280361,2.8882817500445586,0.23279738168537997,5241870739.159091
6,2023-08-01,0.5878853567134248,0.252218562796976,0.01655182292049362,0.012757235351129116,0.1305870222179764,0.19575254236118303,0.2555271302706393,0.11897203784829515,2.8555313709385337,0.23675320983464945,5439004035.909091
6,2023-09-01,0.6019874393147243,0.24586828257053908,0.018341519905930966,0.01189652956657884,0.12190622864222678,0.18862941826637714,0.2918662432265363,0.12026843190231826,2.846445118902308,0.2985359060444464,5392330358.113636
6,2023-10-01,0.5850033381545786,0.2589488365076259,0.019187063617370673,0.011677621420851603,0.12518314029957317,0.18140151019699735,0.2860276099549155,0.11243620584258535,2.889903978049228,0.23284892053948292,5336953337.363636
6,2023-11-01,0.5928167392908908,0.24662569464583434,0.01811712397571879,0.01089212226217045,0.13154831982538556,0.1767916242202443,0.27106572899615267,0.11835267591209687,2.8584312029389625,0.2349006774183829,5299548846.590909
6,2023-12-01,0.5834419020771842,0.2552778940263996,0.0194140020243152,0.012134501928258233,0.12973169994384276,0.1803139730854648,0.3235049249017304,0.11680218882782097,2.8699669309878897,0.24331723154594104,5593169540.613636
6,2024-01-01,0.5827179275430848,0.25277073317945276,0.01577959499895086,0.011281312945370135,0.13745043133314136,0.17438238162608133,0.2570150858148226,0.11631764899922734,2.8620247290586356,0.24918049575485615,5302331638.113636
6,2024-02-01,0.5925270641427174,0.24710236958010043,0.016022346740855006,0.011314692940304273,0.13303352659602288,0.1797955220964955,0.23987020877228582,0.11888194790412875,2.8393110392504215,0.3063499446912116,5144717430.181818
6,2024-03-01,0.5818902654347219,0.2540865478252597,0.01777789842651202,0.01145892731232922,0.13478636100117705,0.1886163349012408,0.32595479986635495,0.11116232041419787,2.8906322075460733,0.2531160044002536,5498952777.522727
6,2024-04-01,0.5857388827119732,0.24656670940941225,0.018502650281970814,0.012133836342206659,0.13705792125443703,0.18968614140958778,0.26918701620752317,0.1095398327016147,2.902551532778344,0.2342297903938025,5332871108.022727
6,2024-05-01,0.5882885841586406,0.2516446840623128,0.018187863596787042,0.012310338091288368,0.1295685300909712,0.18970922246634972,0.2517184551842849,0.11272085620643651,2.886547540971857,0.23980814654432378,5580777940.931818
6,2024-06-01,0.5860186392220151,0.2543388887205774,0.017947194488472352,0.012573149921921366,0.1291221276470137,0.19763716055129815,0.3208248030138846,0.11455221573745344,2.8744618658931866,0.23734713908369798,5220900273.409091
6,2024-07-01,0.5849178302249455,0.25209486853312324,0.017190086963234787,0.011968373983992807,0.1338288402947036,0.19330815231155493,0.2571709407626873,0.11459508340564396,2.868606119426525,0.2239924977317431,5344232142.772727
6,2024-08-01,0.5950095778515012,0.2418161628562616,0.016121528558280505,0.01123413318309532,0.1358185975508613,0.18987037096175802,0.2815064532959558,0.1204270387826431,2.8359928637291354,0.23859566031437043,5585771596.772727
6,2024-09-01,0.5980968233336189,0.24417778355674738,0.017427884616844688,0.011815631131041742,0.1284818773617472,0.1867803065445506,0.30341394028069435,0.12287827812228752,2.8365034066659707,0.2906501876879078,5316633410.113636
6,2024-10-01,0.5893834371709884,0.24730247900193955,0.02055540867429564,0.011070743620744313,0.13168793153203204,0.17803462301613127,0.2589293718079882,0.11610818566907803,2.870425142736009,0.2449243057837958,5446698764.659091
6,2024-11-01,0.5942727224243373,0.2401703693973074,0.017373555029632868,0.010930134903830392,0.13725321824489206,0.17758384029585572,0.31039960321111687,0.12093536413831794,2.837543444858038,0.2587831408489521,5421543977.977273
6,2024-12-01,0.5908881328913916,0.2430087036211231,0.01902703437341752,0.0111884363954734,0.13588769271859433,0.17658779858384646,0.27632741037665004,0.11723112858102187,2.854164530080593,0.2586535737852574,5730198714.659091
6,2025-01-01,0.6048614986616285,0.24220329382886582,0.018093292396584935,0.010691270249970887,0.12415064486294979,0.168827727228744,0.27032080626028876,0.12364501288045494,2.820740821241507,0.30637338607480885,5317690728.090909
6,2025-02-01,0.5879986133749232,0.24788492069287224,0.016601612288596086,0.010529422697154994,0.13698543094645346,0.17506051923325722,0.27753132581727685,0.11552592147594361,2.8656888785145394,0.24765388507509592,4818452996.522727
6,2025-03-01,0.5850931083310781,0.2506855638256988,0.018112529384880394,0.011257668895442139,0.13485112956290052,0.18512543447939114,0.3246649838806429,0.1158143291927875,2.8797174909754566,0.25425728917785695,5478973358.704545
7,2022-01-01,0.6545473529123557,0.1831313192253048,0.019507039030104964,0.004077432233248137,0.13873685659898646,0.09533252950854178,0.2967648503032058,0.15663371050285224,2.5689102720498456,0.3226951704433159,2361803775.4545455
7,2022-02-01,0.635907267666279,0.19137229252018642,0.020311219484631746,0.004443964086605373,0.14796525624229745,0.09907994223582986,0.25999596911854406,0.14271890193998024,2.6239511347939377,0.3465969629144129,1882863447.2954545
7,2022-03-01,0.6330090345682906,0.19381167902508858,0.02055325595528918,0.005061634237141863,0.14756439621418974,0.10903498354931919,0.22883030902759652,0.14174532183577693,2.646658066522313,0.2576638436780298,2281627279.2727275
7,2022-04-01,0.6245976960654192,0.2081762278315141,0.022129918998384398,0.0061356025848626795,0.1389605545198196,0.12515242625639558,0.2790799991091293,0.13948803558418166,2.6643236269420365,0.24824985020102164,2453888446.681818
7,2022-05-01,0.6194306735365922,0.21105380398789417,0.022564824878158217,0.00730969306610001,0.13964100453125533,0.13210499070685514,0.2607595093188107,0.13904425980212423,2.672261016292743,0.26692270017827147,2609092345.7727275
7,2022-06-01,0.6239243148571655,0.2094170152478165,0.023394895339582247,0.007283654124438571,0.13598012043099716,0.1360166485845513,0.24679680555530226,0.13776378006497547,2.6793038924952435,0.26632869872489073,2487435051.9545455
7,2022-07-01,0.6268406673701902,0.20830418869433218,0.020381571135077173,0.007570862736563656,0.1369027100638368,0.13963839488440014,0.2817385600659788,0.14062446047955085,2.6619748690405074,0.2869910177513918,2446623964.568182
7,2022-08-01,0.6398540221291588,0.20031341800424965,0.019802922645263118,0.006818497433580568,0.13321113978774782,0.1284184682556203,0.2332078922733478,0.14227086505285447,2.660442317738913,0.2586667649088261,2504466445.159091
7,2022-09-01,0.6392441354905897,0.19998206308447022,0.020262745018455344,0.006958161661027942,0.13355289474545678,0.12150340149339761,0.21335337308474356,0.13966636385448228,2.6649544268727,0.35742404958571466,2544589142.431818
7,2022-10-01,0.6231022793081052,0.2178759791300768,0.021409148137161754,0.006966331602133538,0.13064626182252262,0.11939599493459262,0.2932118639666922,0.12913315043197993,2.714786163994343,0.270538846216432,2617979892.159091
7,2022-11-01,0.6331809179058527,0.20681366997734257,0.020329005196466524,0.006463083981677582,0.13321332293866056,0.1131841039977959,0.24257051229469642,0.13372101844804724,2.6910701641959722,0.24776368013786315,2594105890.5454545
7,2022-12-01,0.6239638948971348,0.21373116723435925,0.021610926497654972,0.007413085570421998,0.13328092580042902,0.11617461647550495,0.27204832193890865,0.13031453666665596,2.7196675249774516,0.2556891453544566,2680731184.75
7,2023-01-01,0.6475923528269237,0.20207289524556815,0.017291405519046784,0.006511434971877048,0.1265319114365843,0.10890167845481123,0.24476111923606492,0.14126394997509473,2.6643520665917135,0.36147485024641257,2601255241.1363635
7,2023-02-01,0.624146969580925,0.2131174807320151,0.018992855869185477,0.007663585332384648,0.13607910848548965,0.12066914749421857,0.2583421548567834,0.13024034915819602,2.7212977625420898,0.24531667091639175,2408850747.1136365
7,2023-03-01,0.6135908732752449,0.21342402979144773,0.01985818709765344,0.007722917890597675,0.1454039919450562,0.12294634402881019,0.2341157558630194,0.1313890105875076,2.7383313674249883,0.24849475204385135,2797944118.7954545
7,2023-04-01,0.6141068639599614,0.21536134016252229,0.02197877654853554,0.007548825720591374,0.14100419360838934,0.13034182257176424,0.30480218395717834,0.13070575251744498,2.7279455980425853,0.2626845724138843,2749627384.409091
7,2023-05-01,0.6145837709620557,0.2189602790139359,0.020950958981914916,0.007509087550943685,0.13799590349114976,0.1338617365371487,0.22233816286428834,0.1333299174794961,2.73028624865924,0.2546870151439995,2936184028.681818
7,2023-06-01,0.6151503045125993,0.2152949632729906,0.02088093446489724,0.00786336488636661,0.14081043286314618,0.14041187435408864,0.2413078490755513,0.13110791626381338,2.743125932541734,0.24866940840870455,2853378830.2954545
7,2023-07-01,0.6164618503881393,0.2214701905964489,0.019491421131676127,0.008040373414190095,0.13453616446954553,0.14104968732410103,0.28947079152964345,0.13313421148958868,2.7300607997689395,0.2716751909483702,2789620941.340909
7,2023-08-01,0.6292074434019959,0.21383657025362873,0.017691773737900773,0.00786552217796547,0.13139869042850913,0.1387863846360263,0.2314388169064285,0.13388777318902478,2.7151888501678423,0.2427057946754578,2853709717.2727275
7,2023-09-01,0.6427048605916734,0.20283255115450788,0.019408037892250814,0.007480040105308793,0.12757451025625907,0.1282179408691345,0.26089032365316833,0.13829581646185413,2.690216535051194,0.33172986375191016,2966329756.4545455
7,2023-10-01,0.6131616608773841,0.22113450010036875,0.019729700204385654,0.007514452973626659,0.13845968584423476,0.11854296230496911,0.25578193064638005,0.1256021182109312,2.756322688166306,0.2717577086081345,2910972417.8863635
7,2023-11-01,0.6260971353705335,0.2129032373620533,0.01838372093394784,0.006723429334454939,0.1358924769990104,0.1136958119667557,0.24538301973218293,0.13334582226217506,2.709250043651325,0.2462358684423795,2927962311.431818
7,2023-12-01,0.6119772471170057,0.21769178529810496,0.022787121637338113,0.00820629275575866,0.13933755319179245,0.12007284938301678,0.2925424360896443,0.12733027171570807,2.7424260135602934,0.26950068741659633,3018385426.2272725
7,2024-01-01,0.6217912889245577,0.2008071041335821,0.017927289710415916,0.0074361681162716745,0.1520381491151726,0.11535488367151218,0.23638979797159035,0.13380759084761415,2.7054597141478176,0.2827718324755007,2911274584.3636365
7,2024-02-01,0.6329226082088036,0.20008138102706782,0.019587188772207477,0.007950633708842018,0.13945818828307896,0.11671772154921244,0.2174558692331221,0.1363216725412238,2.6819461884771254,0.3533955947285707,2837181501.7954545
7,2024-03-01,0.6116902794537435,0.21143047252455627,0.019976962768578212,0.007927880917834642,0.1489744043352873,0.12502950847546304,0.2942712539011026,0.12295848204119454,2.7634919296525116,0.25704509073752696,3023295253.7954545
7,2024-04-01,0.6178342024732962,0.2099764448953592,0.020557220395312492,0.008201902655749788,0.1434302295802823,0.12813543651992235,0.23701896803410308,0.12322467550535973,2.752539578073226,0.23638847406257665,2965774951.0
7,2024-05-01,0.6250717628495615,0.20873286205355435,0.021443415327703955,0.007950638128045424,0.13680132164113482,0.1329216067622627,0.22563845691325915,0.1266340547205739,2.746205004717333,0.25474353523588233,3113622710.7045455
7,2024-06-01,0.6191877033690032,0.21175978772626716,0.019713764477737452,0.008186380580930788,0.14115236384606134,0.14007290390381513,0.29348442337382075,0.1274324718570699,2.7467747971215855,0.2638250841017102,2912572828.8863635
7,2024-07-01,0.6163816440242869,0.2117456242883768,0.02002326907217428,0.008551846686084443,0.14329761592907758,0.13528754428458914,0.2342521456771344,0.12829904907278492,2.737122613280701,0.24795149491695778,3002570983.818182
7,2024-08-01,0.6352543162854521,0.20386591977788893,0.017041079781559536,0.007740522044114213,0.13609816211098516,0.13522020259571957,0.25576875511609026,0.1345756641294268,2.7022115136380416,0.2534046991697289,3088058180.909091
7,2024-09-01,0.6342294581207468,0.20094375157061065,0.01888603320417385,0.007803560519461953,0.1381371965850067,0.12798601740050788,0.28269517031131075,0.1367579700357167,2.700119240830517,0.34303165333057933,3047948034.4545455
7,2024-10-01,0.6154309753171711,0.2097860668459968,0.019537309045806143,0.007473730742071824,0.14777191804895418,0.11996409104303919,0.23279021296318192,0.12789362371727872,2.742659912014757,0.2719832954242264,3145952130.2954545
7,2024-11-01,0.6296979730293659,0.20213544015245333,0.018405926419583794,0.007394351714297854,0.14236630868429903,0.11649219407223271,0.28238337313033174,0.13324845844712907,2.7086188716401343,0.2600343581191715,3089317907.3863635
7,2024-12-01,0.6169163881068375,0.2153532050370745,0.022839142322372382,0.007738657812772234,0.1371526067209434,0.11984619329462602,0.24947071559560718,0.1256959655881034,2.7480727034528147,0.26618952988845607,3258306468.8636365
7,2025-01-01,0.6544597452969352,0.19670479961588974,0.020433522646828652,0.007110394429563613,0.12129153801078281,0.11192892184705804,0.2524738909384358,0.1388774444944478,2.6781660628280193,0.3408332609569795,3067224805.7954545
7,2025-02-01,0.6290280654962321,0.20398463638123496,0.02063457259858361,0.007724967450638762,0.13862775807331051,0.11823659636717582,0.2561830595353472,0.1289383331985589,2.737359018885309,0.2698629556763772,2768874131.4545455
7,2025-03-01,0.6245235121562916,0.2092625038386311,0.020081903761470784,0.007883361994162287,0.13824871824944418,0.12693982101433984,0.29013026530659636,0.12643182464684485,2.7602207688142104,0.25450225893260703,3155582971.7727275
8,2022-01-01,0.6719185155484279,0.1622724495387613,0.018327858269257098,0.0017896926150767435,0.1456914840284769,0.05412623766355735,0.2509946287102189,0.17248981498413685,2.4336226805594823,0.4329107087287325,648446204.1136364
8,2022-02-01,0.6472870807004448,0.16536616970721638,0.01694623260978938,0.0018578647367088472,0.16854265224584053,0.05689369061057678,0.23584792998318005,0.15829483701138233,2.489368905238161,0.49683585457235097,495820851.77272725
8,2022-03-01,0.6595775670861767,0.16598027943153146,0.018957891392671053,0.0025417788377953606,0.15294248325182544,0.06378873545063862,0.19467079205557133,0.15964733408578105,2.499088691067595,0.38511571573161124,617182877.25
8,2022-04-01,0.6546647751773023,0.18173625816059386,0.020862928076861388,0.0027260415919430907,0.1400099969932994,0.07537710954421704,0.23477743612560698,0.15476134638825448,2.5272068818026825,0.365848438725189,665514036.9545455
8,2022-05-01,0.644673938622965,0.18392177610019803,0.023112105462334408,0.0031128918417636943,0.1451792879727389,0.08243160505135508,0.22071450222810957,0.15454201953059837,2.5392231311463878,0.36423158570811137,703058383.2045455
8,2022-06-01,0.6495426586008629,0.18778743404428963,0.02142502333582688,0.0034656652622337344,0.13777921875678678,0.08514090748521032,0.2108137943547452,0.15188428422953226,2.5539963591720296,0.3437979355504734,665849507.75
8,2022-07-01,0.6541192927587676,0.18998844932334882,0.02006840154439771,0.00392301874870057,0.13190083762478527,0.08756548007719413,0.24156982746315814,0.1556378917303794,2.5348187498179935,0.3786464724687479,648630070.7045455
8,2022-08-01,0.6557631749962076,0.18386170435079682,0.01650871106926325,0.0035463681297547415,0.14032004145397747,0.08098801485063584,0.2042638372263239,0.15546856342733736,2.5403324399642817,0.3441050063580182,668705680.0681819
8,2022-09-01,0.662753297775618,0.1743215138429538,0.0210578112925999,0.003441594464642955,0.13842578262418534,0.07139235536569624,0.1786142287427511,0.1538682097658901,2.530548964824467,0.43893061416832124,671256429.9772727
8,2022-10-01,0.6455029899319333,0.19271911453466073,0.02145073631294915,0.0033093348803624554,0.13701782434009432,0.06883410445299219,0.2477560015323346,0.14164844836080703,2.589572658730573,0.40660754035905156,682438336.5454545
8,2022-11-01,0.6588103044448639,0.18546217083081942,0.018337825800521824,0.003518107896624241,0.13387159102717064,0.06209450582091138,0.20212222537705024,0.1472992634430229,2.5687169731927013,0.3592932235236051,672272675.0681819
8,2022-12-01,0.6443476471399288,0.1954845992853589,0.02094132562243301,0.0035604925144607637,0.13566593543781852,0.06622483939942918,0.22280340374890162,0.1434510214806149,2.5895213670368062,0.3804687946423876,688367931.4545455
8,2023-01-01,0.6803771181096446,0.17353702513427935,0.01834491554439325,0.0034275537680462055,0.12431338744363654,0.06260801639146221,0.2018587879890898,0.15721948481334,2.5258873104959494,0.4755196858253159,739435238.4772727
8,2023-02-01,0.6439268312450834,0.18805131442386952,0.01778511735707605,0.0038684123917437844,0.1463683245822272,0.0676524114636087,0.21206874694503594,0.15003210356088265,2.5642379469143908,0.39740301483052415,696062018.6590909
8,2023-03-01,0.6307348914723149,0.18906702285458243,0.018382952713547042,0.003665878701797232,0.15814925425775836,0.07177611192554344,0.19832111311693243,0.14313077666790197,2.611439527623844,0.36679983750969053,806875419.3409091
8,2023-04-01,0.6396076020505655,0.18457227342225943,0.022768295875617895,0.003988457748241788,0.14906337090331537,0.07655939932773605,0.2588520573889468,0.14112787200573035,2.6139158199520938,0.3804047118561893,765396630.6818181
8,2023-05-01,0.6448038427519635,0.18956546003750996,0.02076369040162158,0.0038086662146163876,0.14105834059428857,0.08139420429776406,0.18711396715587425,0.14674212546587548,2.5880781118056926,0.3830434783575679,818304992.2272727
8,2023-06-01,0.6428791987429039,0.18894985436872494,0.017891041420758345,0.004650137027483996,0.14562976844012876,0.08753063095555667,0.20215365439693586,0.1455238446891998,2.606233793708101,0.36289142060226187,798229464.6818181
8,2023-07-01,0.6408409877002837,0.1952868860627036,0.017105851794335214,0.004587765663559236,0.14217850877911808,0.09253946774554947,0.24778652798272463,0.14593003381867864,2.601759441764075,0.39632795119527037,762211634.1818181
8,2023-08-01,0.664983493280502,0.18585939526545972,0.01750431461217177,0.0037846291436085503,0.12786816769825785,0.0902899264206399,0.2019283534782506,0.15505920723832012,2.554476048619194,0.3665347754400452,768523895.5227273
8,2023-09-01,0.6668876390119141,0.18052884470289413,0.019088364881596456,0.003949429785809939,0.12954572161778535,0.08099199326368775,0.22291666825991427,0.15011451828555286,2.56554202751217,0.4182422754653014,804489566.4318181
8,2023-10-01,0.6434082833141695,0.19606974121283835,0.016950732194572275,0.004480806966385651,0.1390904363120341,0.07014485554319488,0.22260060726842443,0.14350977596638256,2.6122919783417236,0.38365392536491166,782698403.7727273
8,2023-11-01,0.6519415742320196,0.1932486416966863,0.017480011666492115,0.003363107840866277,0.13396666456393563,0.06603708626755726,0.20271114247882852,0.1481920772716453,2.5792503785100007,0.3385388458571274,787741003.1136364
8,2023-12-01,0.6329624212503258,0.19249593373136797,0.02325007158778379,0.004151088594061475,0.14714048483646094,0.06832310478619387,0.250699426949248,0.14249561200020772,2.6140977435791566,0.36892786543778144,797994754.8181819
8,2024-01-01,0.6489685120590519,0.1814722926850363,0.017881767913361542,0.0036413740550345496,0.14803605328751557,0.06148393106496727,0.2008526333978325,0.14676383605096294,2.582361733569293,0.3701401940726345,844298748.5454545
8,2024-02-01,0.6563228087099722,0.17537565403073455,0.016868687189976226,0.004672274495891412,0.1467605755734256,0.07071915451486,0.18589090036811856,0.15067028965034826,2.549900634593349,0.45315861442197386,794416473.6818181
8,2024-03-01,0.6313479211216859,0.18782056841453423,0.01899029559530227,0.004367930170503361,0.15747328469797425,0.07343079581934851,0.24352521143363093,0.13436929615816637,2.641428396000485,0.39315243489004353,867885114.7954545
8,2024-04-01,0.6365146514661224,0.1854963760781327,0.021202964099120848,0.004124611213501873,0.15266139714312213,0.07460699370567868,0.2009706646535178,0.13258259018176408,2.645583391336407,0.355165363516801,862604312.1590909
8,2024-05-01,0.6418135677418703,0.1888852111204409,0.021531743384122025,0.00401201510567183,0.143757462647895,0.08259976828916017,0.19392346336853342,0.13520841699497588,2.63931932585223,0.3681088648855844,893277684.25
8,2024-06-01,0.6456809457963064,0.18595834852543042,0.019101827902492076,0.004304391349283357,0.1449544864264877,0.0878520118322344,0.24942138193310087,0.14039822766500512,2.6216464244136537,0.3829355133844155,842169846.9772727
8,2024-07-01,0.6477046668431004,0.1886711956767844,0.017153105246305363,0.003980334673201604,0.1424906975606083,0.08497893507373318,0.20065183609471385,0.1420767204579615,2.6070191359073465,0.3519161408391194,849177684.8863636
8,2024-08-01,0.6619467438437533,0.1825644621024753,0.01694903374993557,0.004423045811362234,0.13411671449247353,0.0914794295859247,0.22396895906354075,0.14541178512917233,2.6013091542644817,0.3400083250571874,874601896.0454545
8,2024-09-01,0.6664605162766537,0.17672013873917541,0.0204205731618956,0.0039101180957038595,0.13248865372657145,0.07924665714019462,0.25232963109344536,0.14574693104368047,2.5893798491374658,0.42755684772240377,879501336.8863636
8,2024-10-01,0.645309492797224,0.18751771615029392,0.020134249674479153,0.003828963901680102,0.1432095774763228,0.07294608530105955,0.2026972264961605,0.13838242326581213,2.625951557821172,0.35178680113722605,894509880.4772727
8,2024-11-01,0.6517313868418341,0.18020885178531204,0.019695651698813495,0.0036800450147125795,0.14468406465932768,0.06469228436943351,0.2444378766534867,0.14145383809693735,2.598536976041725,0.3742841157386136,880196784.1363636
8,2024-12-01,0.638175994778038,0.18870537928233438,0.0238183317782472,0.0036585080014575585,0.14564178615992282,0.062416661825006686,0.20764590711466235,0.140234207169255,2.6269097580237863,0.3823977643502065,939455202.5227273
8,2025-01-01,0.6853804913086523,0.16821442554384577,0.019240132284218645,0.00335729027138752,0.12380766059189573,0.06251558494154934,0.22507675946263064,0.15268936011126064,2.532842624818648,0.4394227314160915,918700572.5681819
8,2025-02-01,0.6626980861441752,0.1751365275100747,0.018247539805724942,0.005165083938295931,0.13875276260172908,0.06910623964476802,0.21706898127916865,0.14549613142609788,2.5856527064254666,0.3604266879061368,825118474.6818181
8,2025-03-01,0.6435623901343323,0.18658878387295486,0.02087674626794168,0.004162700081200461,0.1448093796435707,0.07639887084092521,0.2542386992422274,0.1360209766673578,2.653325214898259,0.3438062428488262,956992687.9090909
9,2022-01-01,0.6514203472948961,0.15705524825096834,0.015665273619613805,0.0017966935750831998,0.17406243725943857,0.0439942006256995,0.23528166962373545,0.19110855152523684,2.2393598560429235,0.7341424337951673,95027370.5
9,2022-02-01,0.6692714619282756,0.16431744444185734,0.01161295175483681,0.0030042124704479857,0.15179392940458228,0.05861515741612971,0.1980316095046372,0.1861892431973158,2.2726037356888806,0.7765094683561796,76327012.63636364
9,2022-03-01,0.6380538761936965,0.16138673455080757,0.014505472545066754,0.002083153260582567,0.18397076344984667,0.06244829368600802,0.16897962190687696,0.1927004828465534,2.254483612187462,0.8217363412683327,102971818.8409091
9,2022-04-01,0.654493193518303,0.17972839589003764,0.013359195770360361,0.002850051976464221,0.14956916284483476,0.06077484777171039,0.22030011907219454,0.1662705059613381,2.3713417327038306,0.64668148785305,115037939.8409091
9,2022-05-01,0.6471332165159702,0.16964369680310107,0.01769001890532375,0.0057167537352919824,0.15981631404031288,0.06541458554509394,0.20718254774009995,0.17298688244923754,2.364063572957783,0.6315799397266321,124372535.38636364
9,2022-06-01,0.6625286063281199,0.16925947577750336,0.015369949340779914,0.003203611731635127,0.1496383568219616,0.06416318725511126,0.1928840892902384,0.17565430053327866,2.3569435628440387,0.6940952559199265,123664021.68181819
9,2022-07-01,0.6372494225770157,0.18496205017251768,0.01893228144348966,0.004167415406051627,0.15468883040092538,0.08251468820290873,0.2367900286966888,0.16213906381964135,2.406841844670818,0.6854241824783089,120035015.3409091
9,2022-08-01,0.6445398044256629,0.17395300913504286,0.01646942479205842,0.004180034276352552,0.16085772737088316,0.06598211492008259,0.1801635344505584,0.1692883546008204,2.379014232377066,0.6704318928101046,133637065.4090909
9,2022-09-01,0.659740637218859,0.17116584786508848,0.020398046617133746,0.0030983716840093795,0.14559709661490938,0.060941636536902655,0.16560016258166466,0.16708410129958134,2.38773268372892,0.6849851628051092,141371207.61363637
9,2022-10-01,0.6652191313264526,0.18567766168089014,0.013389768120501784,0.004418843990519157,0.13129459488163625,0.06412294577263221,0.24505226006019978,0.15975729779599168,2.4171154269822095,0.6480485406060809,144899295.3181818
9,2022-11-01,0.6596017255265737,0.17262314010914304,0.012367880744758397,0.005179781162068003,0.15022747245745682,0.060816647879163147,0.18937289880190267,0.16023740080231924,2.4035570531203985,0.6447476959837568,152200861.70454547
9,2022-12-01,0.6662292903397611,0.16362217824764397,0.017566848492013527,0.003984357066334026,0.14859732585424734,0.04881223021650402,0.22073437627257286,0.16838671301325575,2.391645499399203,0.6621272552619029,151170656.8181818
9,2023-01-01,0.6583471658758406,0.1722077922106643,0.01582217448056762,0.004319325671206666,0.14930354176172075,0.05816591317829698,0.1975280464500803,0.1871122449026047,2.3030494740537906,0.7612400350425083,110663017.52272727
9,2023-02-01,0.6457392185577104,0.16603944294883505,0.012436467525892825,0.004855641751477787,0.17092922921608383,0.053300604961903496,0.1989495867102412,0.176486044809965,2.349589749830361,0.6994981821477475,112104955.81818181
9,2023-03-01,0.6557324161203959,0.17342018805316656,0.014286218690320233,0.004502329047230074,0.15205884808888726,0.05668023051673224,0.18866160342199426,0.16312016786051997,2.412884257902618,0.5876965961672664,135161165.6818182
9,2023-04-01,0.6454057091487644,0.17161649981311664,0.0207818566996628,0.004687453640401934,0.15750848069805423,0.06125132615774132,0.24793425266493907,0.1673496907772906,2.396276364571991,0.6838415479077579,133372497.68181819
9,2023-05-01,0.633068766353857,0.17518606600816788,0.018921410304097483,0.004228149232432388,0.16859560810144514,0.07785860801985359,0.16288009521166,0.15967507353203197,2.446116420546451,0.656634102167471,148681351.1818182
9,2023-06-01,0.6497529506071847,0.1683895429001562,0.022318072526173145,0.004424486546182004,0.15511494742030388,0.07147057300217222,0.19794817324138353,0.16342720884814893,2.4292549602623628,0.600418905905803,153413820.02272728
9,2023-07-01,0.6468188200290039,0.1880031463627173,0.013165169267907211,0.006279789509236272,0.1457330748311352,0.08303501615062937,0.23350632259053813,0.1588128071727773,2.449051586072567,0.6254988386268413,147956990.70454547
9,2023-08-01,0.6567151303385235,0.1705501732090993,0.013437268789111665,0.0056852709294201295,0.15361215673384543,0.07657134369679913,0.19360773101038056,0.15293587834137926,2.478900369706295,0.5419041698514421,180443889.5
9,2023-09-01,0.6670488897550245,0.16631683300743247,0.016081923399880373,0.003981443031034439,0.14657091080662815,0.062426675579834306,0.22441825487446387,0.16385859484365886,2.420940270914925,0.6052814004615031,195580486.6818182
9,2023-10-01,0.6410938782737304,0.18203861627008802,0.01676836999557058,0.0037230969808895067,0.15637603847972145,0.05439703292019404,0.20596614970703503,0.15356777969963364,2.4780509771801817,0.6179752561365439,185789151.86363637
9,2023-11-01,0.65422592750784,0.1688717347448236,0.016231265024387327,0.002971779881430069,0.15769929284151896,0.052132991760653176,0.20353532183573983,0.16072607278238973,2.4269119156473162,0.6043392181269305,190316223.72727272
9,2023-12-01,0.6475516304138997,0.1672857472564363,0.01866960002506972,0.0038827354145357343,0.16261028689005852,0.05553696698561597,0.23520555791146902,0.1580045621916337,2.4418287370410883,0.6372991584773771,186354021.36363637
9,2024-01-01,0.6498291225076934,0.1696791467649843,0.014409413586349668,0.0027988041924952257,0.16328351294847732,0.05037918329089916,0.17780113823293955,0.15991862432519155,2.432305168752151,0.6164966834154645,201582998.22727272
9,2024-02-01,0.6705632061352758,0.15282962997774255,0.01378051606006314,0.004601622645083355,0.15822502518183512,0.06198718001671874,0.17146155517324074,0.16321761387652892,2.4114566026743223,0.6880134102173335,195291611.3409091
9,2024-03-01,0.6428822396939974,0.1720622930561808,0.01625871629372016,0.005744777443322316,0.16305197351277934,0.053961781361516775,0.2419362333858268,0.15343037569224036,2.466965351503483,0.5985899116214142,204941088.1818182
9,2024-04-01,0.6500718158697475,0.17823834747785952,0.017823876348352485,0.0039063545660781365,0.1499596057379623,0.06860611748194965,0.18843392777134413,0.1485782740522596,2.4876771072031563,0.5683284785541602,204077205.5
9,2024-05-01,0.6381033291227871,0.17270206640434538,0.01644912601960213,0.003948127740200132,0.16879735071306515,0.06888459541840147,0.18352017444357535,0.15064412523760196,2.478269494418772,0.6374279382530736,218263102.8181818
9,2024-06-01,0.6490007727658215,0.17500932466919508,0.01553455369158721,0.004997215610498085,0.15545813326289812,0.0744651868986329,0.23541926901531152,0.14704766114116868,2.495996138163409,0.5922203619891483,202439304.22727272
9,2024-07-01,0.647690754522201,0.17010709477287478,0.014287601395911776,0.003681780307143517,0.1642327690018689,0.07773452059725754,0.18440856379678114,0.15352741480334012,2.4760192180255,0.5721498723156299,207001054.36363637
9,2024-08-01,0.6622623710220688,0.15979549231361742,0.014803176825378623,0.004484597537677941,0.15865436230125726,0.07684304258435334,0.21204834828277724,0.16009790923382985,2.4395452183488664,0.5948871826372488,218995960.5681818
9,2024-09-01,0.659417831038165,0.15604281826948924,0.013099455316557651,0.004476538260150754,0.16696335711563734,0.06124698057246694,0.2283090663034131,0.1602484254920164,2.4429288535524054,0.6267617224492259,209232820.54545453
9,2024-10-01,0.648794055176607,0.1699102645907074,0.01601938325439894,0.004249768376304761,0.16102652860198174,0.05546982560300609,0.18250463209015272,0.1496673884526863,2.5010117461344996,0.6010246103716702,219055994.77272728
9,2024-11-01,0.6609856850677075,0.16387564505032837,0.015007679793828126,0.0033652672002400684,0.1567657228878959,0.04941230359047981,0.2268525379535532,0.16001680746788607,2.4351932822494042,0.5897204290563269,209611758.61363637
9,2024-12-01,0.637454501059171,0.17984933207192902,0.017953836421101863,0.0032124830811457606,0.16152984736665232,0.05331606540762521,0.19309442397989016,0.1495415839915917,2.4767707628483793,0.6012908511748092,216931700.75
9,2025-01-01,0.6883574471642192,0.15865453913235053,0.016494717213730626,0.00502003651181172,0.1314732599778878,0.043215641596519534,0.20521681335210895,0.16728375973149415,2.379563263256919,0.6342704061257753,214861620.47727272
9,2025-02-01,0.6580457446009417,0.15756571035937983,0.016071160999912862,0.0027955805174550274,0.1655218035223106,0.04785900649223493,0.20577623888623728,0.15751437936659496,2.428599840418896,0.5881686494588042,194919074.20454547
9,2025-03-01,0.6508793454081776,0.1657673237735254,0.0206581438817116,0.002953803091392432,0.15974138384519285,0.05120798994212361,0.23579132419434598,0.15184126629961245,2.488187221881741,0.5510131353675259,224994352.70454547
10,2022-01-01,0.7101187940488987,0.1471468812619242,0.010498212669474037,0.001260519484573591,0.1309755925351295,0.0599982272249953,0.2442351132278299,0.3730096067428843,1.4046942049758078,1.3999522308576018,4938210.7272727275
10,2022-02-01,0.7235673328112707,0.13842727911652464,0.0032704747918617227,0.002753524753990384,0.1319813885263525,0.06555253598031231,0.2899831127010233,0.39921530456080884,1.3516957811241601,1.269434958586678,4191832.409090909
10,2022-03-01,0.7068589279424532,0.15480305670909672,0.00840394768816566,0.0004295130915356046,0.12950455456874888,0.062083103286471084,0.15646099678018419,0.3506750461692198,1.4871707520545832,1.2657067042415429,3709897.0
10,2022-04-01,0.688810548879307,0.1553217421921561,0.009371518794798748,0.006237952224425488,0.14025823790931255,0.08631839694487772,0.30741208523097846,0.3665984636783715,1.4580602537224743,1.3218009966102242,4115469.3863636362
10,2022-05-01,0.6602928860888463,0.21319743238343628,0.013626101567540171,0.004274732863137327,0.10860884709703997,0.08726701015577792,0.2232984893492547,0.3202258338645161,1.5580795575072905,1.2706389861924832,4188318.5454545454
10,2022-06-01,0.6553335964446799,0.1708795573535733,0.007103605885235709,0.000592140430273191,0.16609109988623785,0.06818730128864446,0.20389994089043428,0.3735803639651845,1.433825444711066,1.4628054100998396,5125036.159090909
10,2022-07-01,0.6928071876065961,0.1840236051087924,0.02350608770347283,7.082030480961818e-05,0.09959229927632914,0.07171381831275175,0.17896298956292786,0.32979713604183597,1.5124646235661672,1.2558206127726985,4061227.0454545454
10,2022-08-01,0.6956574525021707,0.12701470870301598,0.005641215100819809,0.0011781564613428477,0.1705084672326506,0.07602653922957484,0.15455640342271593,0.3512732776510011,1.4730023248279762,1.2936250096624047,4437680.545454546
10,2022-09-01,0.6907046384796053,0.16548717777460006,0.014267727447580146,0.0,0.12954045629821445,0.050159741928180464,0.1599532097835248,0.3515442151249459,1.4616487405033867,1.351486143299907,4681534.386363637
10,2022-10-01,0.6969874059560582,0.12844008477787686,0.003840100304834393,0.001150882540666834,0.1695815264205636,0.03749306107525624,0.2373856843868503,0.34944394499573295,1.5061649908481727,1.4235719851023951,4849162.431818182
10,2022-11-01,0.6421012432829201,0.2228549523301295,0.005225370474183486,0.0021606014853394794,0.12765783242742748,0.05660076721445591,0.21230633057917297,0.3427767980091865,1.501922869149474,1.4593583483382195,4690151.068181818
10,2022-12-01,0.6328621457021021,0.22025347402908393,0.005679317571574398,0.003712876575872355,0.13749218612136718,0.08170806870016799,0.2045672341611531,0.3216197487781116,1.5424387600837464,1.3495867627440306,5046762.0227272725
10,2023-01-01,0.6534145146579724,0.18486865574830966,0.009994939616351745,0.005751678780586525,0.14597021119677966,0.06306350998535805,0.16781817692930023,0.3174894347401996,1.6266347870507956,1.356055320742608,6499042.636363637
10,2023-02-01,0.6697792553398348,0.1493318385269361,0.004078399455159784,0.004791435905106293,0.1720190707729629,0.08742255422906238,0.24840468559626958,0.33689797978852487,1.5845045419952335,1.4620573076800445,6213030.295454546
10,2023-03-01,0.6841825860396384,0.16448160107355256,0.020180871339492156,0.003488879006147766,0.1276660625411691,0.052403940248487116,0.1857047935828574,0.2833074535712972,1.7155070393012188,1.1791781905239291,6337385.636363637
10,2023-04-01,0.6822677640707161,0.16968350476732325,0.007621439927988039,0.007270327687363188,0.1331569635466094,0.04807963366854977,0.25499584843549533,0.3251234394712164,1.624521408821316,1.4438460281689183,7168388.795454546
10,2023-05-01,0.7033833307890575,0.15589831623866188,0.007422350269199535,0.005473844042786193,0.12782215866029492,0.049850929269015486,0.14547192136694484,0.30408688340365075,1.655460307291093,1.3119556710831815,6954612.590909091
10,2023-06-01,0.6404696495151605,0.19059960194402983,0.011912665756557377,0.006825581874624697,0.15019250090962757,0.09129472774050106,0.19810229803867496,0.2988424841280813,1.6746595189644966,1.31910027155441,7708893.909090909
10,2023-07-01,0.6896640300551113,0.167468151375653,0.00339028368531791,0.005078925334547738,0.13439860954936994,0.06455973919484295,0.20017149875612636,0.3163514629530296,1.6284071014127415,1.364942550728421,7585594.75
10,2023-08-01,0.6621689397898137,0.16633994055206053,0.004689319582213727,0.003531778090680745,0.16327002198523125,0.07507289635126684,0.22399579867684707,0.32644399194766194,1.6030116694971994,1.3924155743038478,7409105.386363637
10,2023-09-01,0.684442312041183,0.2007539748708518,0.015373976725959021,0.004341824760422302,0.09508791160158388,0.06199980880186991,0.19793763875341594,0.2987642105052897,1.6938701732030497,1.3985796569911018,7766319.181818182
10,2023-10-01,0.6343735175822108,0.20986198154920474,0.005578706134450013,0.0035961043871240756,0.14658969034701028,0.046499506660819694,0.20432389078499708,0.31582940587200903,1.6355287062345978,1.5541009181404228,7596414.159090909
10,2023-11-01,0.6789958780966523,0.17858229130068415,0.0055693060132451155,0.006383882825824402,0.13046864176359393,0.05537098002243706,0.20175615152429255,0.3125001163507311,1.6306480600347988,1.3976696254041128,6980820.636363637
10,2023-12-01,0.65427949538273,0.19507798573289864,0.0068109852358646476,0.008748812463481427,0.13508272118502523,0.05965722397535458,0.26488460802824143,0.286187922329898,1.70483275235326,1.260910533769872,6849892.5227272725
10,2024-01-01,0.634803833660335,0.17817074191242746,0.01227425679584953,0.005223674260668204,0.16952749337071982,0.07252284275812888,0.18437674525717151,0.2594887973709535,1.7965426694455517,1.320740212049013,7505661.7272727275
10,2024-02-01,0.6992440820943875,0.18258091446116084,0.0057654973098138825,0.00578716792896121,0.10662233820567651,0.07187118309360647,0.18067491495764776,0.2804048592847441,1.756361972651895,1.3544379011090977,7563947.886363637
10,2024-03-01,0.6632564594117164,0.17638282883876008,0.01108416894741845,0.0018764844331276161,0.14740005836897735,0.06084336060457171,0.21345142544786516,0.25492216624126396,1.8130699152721734,1.2905268521589635,7948576.4772727275
10,2024-04-01,0.715505654761653,0.15377371171890747,0.017273514903406773,0.003300852533314511,0.1101462660827183,0.054674023887962206,0.2217994823588853,0.28387639471829124,1.78974924653399,1.50443355512985,8368972.5227272725
10,2024-05-01,0.7071245821539982,0.1452832920547951,0.013237435892212789,0.006662807332172179,0.12769188256682165,0.07218052706930804,0.18258386360619727,0.26732882311583844,1.8019864916681072,1.3281769261861867,8676671.863636363
10,2024-06-01,0.6499861060506877,0.19052681918395786,0.00936678334039758,0.004430157595947879,0.14569013382900886,0.07180855748967088,0.28718785383787754,0.26944214772988834,1.7959732196061176,1.38756187208017,7500492.340909091
10,2024-07-01,0.6746717729088555,0.1573262866368782,0.016669331260095597,0.00594134279272723,0.14539126640144348,0.0550720657830692,0.17034004820328918,0.304060927230278,1.7040258929412742,1.4175527419400848,8942036.409090908
10,2024-08-01,0.6809558995287639,0.17874573802299945,0.005894594845788798,0.006663070481341632,0.1277406971211061,0.06539440216949863,0.19930401238759174,0.2704506984291932,1.7945940801850115,1.3098970608683083,9576343.409090908
10,2024-09-01,0.665667529320282,0.17439541102138129,0.010473673121559248,0.0048836700679569574,0.14457971646882056,0.05315619337811261,0.2438865510814927,0.27379998852843196,1.7875113878019149,1.2724490255560745,8550301.0
10,2024-10-01,0.6442158528028208,0.19605510066640594,0.024680783805133253,0.005196092411048284,0.1298521703145918,0.08343176149625799,0.20490837692667307,0.30161576456621825,1.7252913442080364,1.4091677573976573,8571156.159090908
10,2024-11-01,0.7323061591265599,0.1548293794165526,0.006520073003839623,0.0024736147779030886,0.10387077367514475,0.046200422374956834,0.2405123727573524,0.30030101056360053,1.7035598335638142,1.2884603621222912,8372671.363636363
10,2024-12-01,0.6463017923691449,0.16147314458190756,0.016462476457459813,0.002915933008359875,0.1728466535831279,0.034542979027583215,0.18277344704487772,0.28765355227253786,1.7368986580271943,1.4427335695952996,8123245.659090909
10,2025-01-01,0.6987741429747569,0.14326545248126174,0.013909551046267765,0.0014167413537865819,0.142634112143927,0.0481478588027677,0.2447214758470939,0.2738899954046153,1.7680911297646285,1.285986356818107,10450763.681818182
10,2025-02-01,0.7184946528122402,0.15739901550998642,0.009494954727056314,0.0018700130999126452,0.11274136385080437,0.07493585930593018,0.19422772606133715,0.282286708023009,1.7566755319096168,1.3119677849283506,10423617.409090908
10,2025-03-01,0.6884973431207859,0.16495695597167745,0.009902400638010976,0.004477433531527544,0.13216586673799804,0.0564556195358942,0.22817916058183732,0.2485916198422297,1.8675660429783287,1.3734514055649159,11791140.659090908
11,2022-01-01,0.31330456824751884,0.48669543175248114,0.0,0.0,0.2,0.11330456824751886,0.6866954317524812,0.7416711282361823,0.40399666411984114,0.10328716805421678,117560.4
11,2022-02-01,0.47449079095171726,0.5255092090482828,0.0,0.0,0.0,0.0,0.16666666666666666,0.9036497513859079,0.16716295952851637,0.0,137505.83333333334
11,2022-03-01,0.5594684581135155,0.41069831306761084,0.0,0.0,0.029833228818873653,0.0,0.404141603815722,0.6323069661049414,0.5809823823798745,0.44252593520146416,40647.625
11,2022-04-01,0.7464468336495517,0.25355316635044833,0.0,0.0,0.0,0.0,0.1379519183671422,0.899900619696279,0.16760863615394947,0.15725795651291596,70363.72727272728
11,2022-05-01,0.645122694723787,0.35487730527621286,0.0,0.0,0.0,0.0,0.17798877552831857,0.8732294461894432,0.20821984564416915,0.10266324612666926,439460.0
11,2022-06-01,0.7755550541893326,0.2244449458106674,0.0,0.0,0.0,0.06428896293419978,0.323548222193459,0.8808917831449611,0.20301817903926522,0.3751665729002667,170764.66666666666
11,2022-07-01,0.8025815661026598,0.07241843389734015,0.0,0.0,0.125,0.0692646918774743,0.14603379352019707,0.8671058552929709,0.209626072694653,0.059460920575647724,636297.375
11,2022-08-01,0.6666423895881969,0.2500242770784698,0.0,0.0,0.08333333333333333,0.16437420196150895,0.286506928616991,0.8986803562649675,0.15041014008126993,0.23393658143784424,148768.25
11,2022-09-01,0.658715567742076,0.26436135533484706,0.0,0.0,0.07692307692307693,0.0,0.12605232149879406,0.8724423362488919,0.2095845342238157,0.278716500829622,110453.46153846153
11,2022-10-01,0.875,0.125,0.0,0.0,0.0,0.014246616743342613,0.4857533832566574,0.9388298546985355,0.11307654389065817,0.13648117806390336,41111.625
11,2022-11-01,0.7900569569867123,0.20994304301328767,0.0,0.0,1.009293658750142e-17,0.09090909090909091,0.09090909090909091,0.8676042617751173,0.20598073897759875,0.02165205804228631,72043.09090909091
11,2022-12-01,0.9931578252130482,0.006842174786951833,0.0,0.0,3.700743415417188e-17,0.043536081627698585,0.16666666666666666,0.8538015237140213,0.25989165952279913,0.601694707138664,178557.16666666666
11,2023-01-01,0.7182521326941339,0.08174786730586603,0.0,0.0,0.2,0.0,0.2,0.8057567207328908,0.3222396281054084,0.4043360076158102,46375.6
11,2023-02-01,0.7358673717015352,0.2641326282984648,0.0,0.0,1.8503717077085938e-17,0.08141466089431812,0.17118513846232444,0.7753072337364788,0.3748581029935056,0.3384853354516138,178107.83333333334
11,2023-03-01,0.9274958450961736,0.07250415490382632,0.0,0.0,0.0,0.013865854229163517,0.49336156565351813,0.7802286004792599,0.44087864691540307,0.4190238788895042,95457.83333333333
11,2023-04-01,0.9281308275862601,0.07186917241374,0.0,0.0,1.5860328923216518e-17,0.0527785689637229,0.2567147199043859,0.7802730517921931,0.3585260713233801,0.182041561832833,125598.0
11,2023-05-01,0.7464689110989294,0.029947146824330365,0.14536940585209263,0.0,0.07821453622464751,0.0,0.19920153874572644,0.7589091265156354,0.417573687646103,0.5747419994751304,262274.0
11,2023-06-01,0.928051199290779,0.07194880070922101,0.0,0.0,0.0,0.0,0.026602547063375333,0.7245493137983453,0.517241552941043,0.35452459845577017,238676.16666666666
11,2023-07-01,0.8526085929340902,0.004534264208766915,0.14285714285714285,0.0,0.0,0.0054373193613699855,0.2735572770562754,0.8933713121651203,0.18992155181315243,0.4557773314736829,153795.2857142857
11,2023-08-01,0.7420920967500767,0.0082502154907031,0.24965768775922026,0.0,0.0,0.0,0.3333333333333333,0.7033011174826411,0.44599814235350416,0.35803005657230785,226879.0
11,2023-09-01,0.8,0.2,0.0,0.0,0.0,0.0,0.2,0.9009224009157272,0.13770561189917457,0.0,791459.8
11,2023-10-01,0.6810632156280287,0.09671456214974909,0.1111111111111111,0.0,0.1111111111111111,0.5021765050338293,0.39106539392271816,0.9455693100451962,0.1034712005793909,0.2022541854661341,259220.77777777778
11,2023-11-01,0.75,0.25,0.0,0.0,0.0,0.0,0.010573564494968626,0.8293544228913725,0.2716148681420476,0.5042658867258016,271371.75
11,2023-12-01,0.7640389063849948,0.23596109361500517,0.0,0.0,0.0,0.0,0.2,0.9263767124037429,0.13041030625050168,0.14348113162733817,110564.8
11,2024-01-01,0.6870674739466243,0.19809229810376924,0.0,0.0,0.11484022794960647,0.22814501814592592,0.12833639635801228,0.6730323562327372,0.587941273950569,0.6520122632290276,367535.15789473685
11,2024-02-01,0.7146233455916436,0.23397005670811916,0.0,0.0,0.051406597700237186,0.34874187579736576,0.22820738867273457,0.7097929340386256,0.5519630210231384,0.4683876749266648,256636.55
11,2024-03-01,0.7722465333328169,0.15142576642915279,0.0,0.0,0.07632770023803041,0.0,0.22526227893313333,0.9183696274332815,0.13757402537643212,0.3270767796799599,288832.0833333333
11,2024-04-01,0.537378737373819,0.24717032272646744,0.1111111111111111,0.0,0.10433982878860239,0.2222222222222222,0.22516469302416794,0.8468520625174154,0.2984935410590224,0.34086294450873483,504304.8888888889
11,2024-05-01,0.6429436375831963,0.23205636241680366,0.0,0.0,0.125,0.02048173307431677,0.0,0.8171452502287111,0.29007370976282343,0.15674372308304652,209244.3125
11,2024-06-01,0.6823484596447562,0.10602036095204052,0.0,0.0,0.21163117940320333,0.020033757500545122,0.33801494867834025,0.8160268804128582,0.3541085535777999,0.3962525583153584,567877.4444444445
11,2024-07-01,0.5489751916348653,0.27357383917281797,0.0,0.0,0.1774509691923167,0.2281081216662467,0.1849222788270004,0.9461209833998471,0.08495855342288855,0.17144594123385445,188401.45454545456
11,2024-08-01,0.7031013874889794,0.10394573755808487,0.0,0.0,0.19295287495293575,0.0299875551525323,0.29843771931794183,0.8183349490210006,0.27525967328849843,0.3149617448037936,250236.8
11,2024-09-01,0.7834920518547418,0.0,0.14285714285714285,0.0,0.07365080528811536,0.0,0.0,0.8166817370659969,0.29869607632902573,0.13980642958236073,167884.85714285713
11,2024-10-01,0.6022942780972845,0.12497844917544278,0.0,0.09090909090909091,0.18181818181818182,0.0,0.21877359823738318,0.9573971492662792,0.060131092946687593,0.09717029920813301,217263.27272727274
11,2024-11-01,0.7608510821878366,0.17461620147285112,0.0,0.0,0.06453271633931228,0.07142857142857142,0.27735390492851164,0.8427552734332018,0.2791659162033156,0.30681545953990147,260268.7857142857
11,2024-12-01,0.6773146098677583,0.24576231320916483,0.0,0.0,0.07692307692307694,0.0719578208652161,0.1774864841150231,0.7990167869118494,0.3180390698004558,0.3598844362669519,245062.6923076923
11,2025-01-01,0.6446419336030279,0.3338831123249694,0.0,0.0,0.021474954072002592,0.07692307692307693,0.3329106095486645,0.7458698901343465,0.3972637608575892,0.3310773986819634,196195.6923076923
11,2025-02-01,0.7447130615771518,0.17195360508951485,0.0,0.0,0.08333333333333333,0.015183478475164559,0.38126946344113083,0.8745019625264628,0.18966465295483118,0.14926203623606157,737000.5
11,2025-03-01,0.6685170962445866,0.13941770583314939,0.0,0.0,0.19206519792226404,0.13039251791495957,0.23098227369371363,0.8000381704520926,0.31987389184338755,0.23098811990465978,288181.1
